CUSTOMER NO,CUSTOMER NAME,STREET ADDRESS,ZIP CODE,CITY,STATE
1,Really Large Customers,7500 Louise Dr.,17050,Mechanicsburg,PA
2,Small Stores,2500 Woodland St.,17055,Pittsburgh,PA
3,Medium Retailers,1111 Ritter Rd.,17055,Pittsburgh,PA
4,Good Companies,9500 Scott St.,17050,Mechanicsburg,PA
5,Wonderful Shops,3333 Rossmoyne Rd.,17050,Mechanicsburg,PA
6,Extremely Loyal Clients,7777 Ritter Rd.,17055,Pittsburgh,PA
7,Distinguished Agencies,9999 Scott St.,17050,Mechanicsburg,PA
8,Subsidiaries,10000 Wetline Blvd.,17055,Pittsburgh,PA